timestamp,arm_shoulder_pan.pos,arm_shoulder_lift.pos,arm_elbow_flex.pos,arm_wrist_flex.pos,arm_wrist_roll.pos,arm_gripper.pos
48142.702192166,-6.935687263556105,-40.04995836802664,51.47392290249434,-14.56811345079501,47.49694749694751,14.296351451973194
48142.73758525,-6.935687263556105,-40.04995836802664,51.47392290249434,-14.56811345079501,47.49694749694751,14.296351451973194
48142.771101666,-6.935687263556105,-40.04995836802664,51.47392290249434,-14.56811345079501,47.49694749694751,14.296351451973194
48142.806476833,-6.935687263556105,-40.04995836802664,51.47392290249434,-14.56811345079501,47.49694749694751,14.296351451973194
48142.841893041,-6.935687263556105,-40.04995836802664,51.47392290249434,-14.56811345079501,47.49694749694751,14.296351451973194
48142.877274791,-6.935687263556105,-40.04995836802664,51.47392290249434,-14.56811345079501,47.49694749694751,14.296351451973194
48142.912664083,-6.935687263556105,-40.04995836802664,51.47392290249434,-14.56811345079501,47.49694749694751,14.296351451973194
48142.94621075,-6.935687263556105,-40.04995836802664,51.47392290249434,-14.56811345079501,47.49694749694751,14.296351451973194
48142.979556416,-6.935687263556105,-40.04995836802664,51.383219954648524,-14.56811345079501,47.49694749694751,14.296351451973194
48143.014941583,-6.851618327028163,-40.04995836802664,51.20181405895693,-14.56811345079501,47.54578754578756,14.296351451973194
48143.049169,-6.851618327028163,-40.04995836802664,51.111111111111114,-14.56811345079501,47.54578754578756,14.296351451973194
48143.082516125,-6.851618327028163,-40.04995836802664,51.0204081632653,-14.56811345079501,47.54578754578756,14.296351451973194
48143.116087041,-6.851618327028163,-40.04995836802664,51.0204081632653,-14.56811345079501,47.54578754578756,14.296351451973194
48143.151456375,-6.767549390500207,-40.04995836802664,51.0204081632653,-14.56811345079501,47.54578754578756,14.296351451973194
48143.18480325,-6.767549390500207,-40.04995836802664,51.111111111111114,-14.56811345079501,47.54578754578756,14.296351451973194
48143.220174916,-6.5994115174443095,-40.04995836802664,51.383219954648524,-14.56811345079501,47.54578754578756,14.296351451973194
48143.254038958,-6.010928961748633,-40.04995836802664,51.47392290249434,-14.56811345079501,47.54578754578756,14.296351451973194
48143.287385916,-5.590584279108867,-40.04995836802664,51.47392290249434,-14.56811345079501,47.54578754578756,14.296351451973194
48143.32072875,-5.338377469525014,-40.04995836802664,51.47392290249434,-14.56811345079501,47.54578754578756,14.296351451973194
48143.356093666,-5.338377469525014,-40.04995836802664,51.47392290249434,-14.56811345079501,47.54578754578756,14.296351451973194
48143.391467708,-5.254308532997058,-40.04995836802664,51.47392290249434,-14.56811345079501,47.54578754578756,14.296351451973194
48143.424811166,-5.170239596469102,-40.04995836802664,51.47392290249434,-14.56811345079501,47.54578754578756,14.296351451973194
48143.460175375,-5.086170659941146,-40.04995836802664,51.47392290249434,-14.56811345079501,47.59462759462761,14.296351451973194
48143.495537541,-4.413619167717528,-40.04995836802664,51.47392290249434,-14.56811345079501,47.59462759462761,14.296351451973194
48143.53089675,-3.572929802437997,-40.04995836802664,51.47392290249434,-14.56811345079501,47.59462759462761,14.296351451973194
48143.56626075,-3.0685161832702903,-40.04995836802664,51.47392290249434,-14.56811345079501,47.59462759462761,14.296351451973194
48143.599603041,-2.7322404371584668,-40.04995836802664,51.47392290249434,-14.56811345079501,47.59462759462761,14.296351451973194
48143.634712708,-2.3118957545187016,-40.133222314737715,51.47392290249434,-14.56811345079501,47.59462759462761,14.296351451973194
48143.668054583,-1.639344262295083,-40.133222314737715,51.383219954648524,-14.56811345079501,47.59462759462761,14.296351451973194
48143.702728375,-1.1349306431273618,-40.133222314737715,51.0204081632653,-14.56811345079501,47.59462759462761,14.296351451973194
48143.738127083,-0.7145859604875966,-40.133222314737715,50.65759637188211,-14.56811345079501,47.59462759462761,14.296351451973194
48143.773541916,-0.6305170239596407,-40.21648626144879,50.566893424036294,-14.56811345079501,47.59462759462761,14.296351451973194
48143.80688875,-0.04203446826397794,-40.29975020815987,50.47619047619048,-14.654061022776105,47.64346764346766,14.296351451973194
48143.842272083,0.8827238335435084,-40.79933388842632,50.47619047619048,-14.654061022776105,47.64346764346766,14.296351451973194
48143.877647166,1.4712063892391711,-41.631973355537056,50.566893424036294,-14.654061022776105,47.64346764346766,14.296351451973194
48143.913030125,1.9756200084068922,-42.54787676935887,50.92970521541952,-14.654061022776105,47.64346764346766,14.147431124348472
48143.948416166,2.7322404371584668,-43.46378018318068,51.383219954648524,-14.654061022776105,47.64346764346766,13.998510796723753
48143.9837885,3.656998738965939,-44.29641965029142,51.47392290249434,-14.654061022776105,47.64346764346766,14.147431124348472
48144.019172291,4.581757040773439,-45.04579517069109,51.47392290249434,-14.654061022776105,47.64346764346766,14.296351451973194
48144.054555333,5.254308532997072,-45.71190674437968,51.56462585034015,-14.654061022776105,47.64346764346766,14.296351451973194
48144.089931208,6.094997898276588,-46.37801831806828,51.383219954648524,-14.654061022776105,47.64346764346766,14.296351451973194
48144.1253685,6.851618327028163,-46.960865945045796,51.383219954648524,-14.654061022776105,47.64346764346766,14.296351451973194
48144.160750041,7.524169819251796,-47.710241465445456,51.383219954648524,-14.654061022776105,47.64346764346766,14.296351451973194
48144.196127083,8.112652374947444,-48.45961698584513,51.29251700680274,-14.654061022776105,47.64346764346766,14.296351451973194
48144.231503625,8.53299705758721,-49.292256452955876,51.383219954648524,-14.654061022776105,47.64346764346766,13.998510796723753
48144.266881708,9.037410676754945,-50.041631973355535,51.47392290249434,-14.654061022776105,47.54578754578756,13.998510796723753
48144.300229666,9.45775535939471,-50.54121565362198,51.47392290249434,-14.654061022776105,47.30158730158732,13.924050632911392
48144.333574583,9.709962168978564,-51.04079933388842,51.56462585034015,-13.966480446927378,47.25274725274727,13.924050632911392
48144.3669195,9.709962168978564,-51.37385512073273,51.65532879818596,-13.794585302965189,47.20390720390722,13.924050632911392
48144.4011035,9.709962168978564,-51.4571190674438,52.10884353741497,-13.880532874946283,47.30158730158732,13.924050632911392
48144.434452375,9.709962168978564,-51.54038301415487,52.92517006802723,-14.48216587881393,47.49694749694751,13.924050632911392
48144.469821875,9.709962168978564,-51.62364696086594,53.46938775510205,-14.56811345079501,47.54578754578756,13.849590469099033
48144.50520625,9.709962168978564,-51.62364696086594,53.83219954648527,-14.56811345079501,47.54578754578756,13.849590469099033
48144.538553875,9.709962168978564,-51.62364696086594,53.92290249433108,-14.56811345079501,47.54578754578756,13.849590469099033
48144.573924125,9.709962168978564,-51.62364696086594,53.92290249433108,-14.56811345079501,47.54578754578756,13.849590469099033
48144.6093015,9.709962168978564,-51.62364696086594,54.01360544217687,-14.56811345079501,47.54578754578756,13.849590469099033
48144.644048375,9.541824295922652,-51.62364696086594,54.10430839002268,-14.56811345079501,47.54578754578756,13.849590469099033
48144.679424458,9.373686422866754,-51.4571190674438,54.10430839002268,-14.56811345079501,47.54578754578756,13.849590469099033
48144.714810333,9.373686422866754,-51.20732722731057,54.10430839002268,-14.56811345079501,47.54578754578756,13.849590469099033
48144.748155125,9.205548549810842,-50.95753538717735,54.10430839002268,-14.56811345079501,47.54578754578756,13.849590469099033
48144.783522666,9.121479613282887,-50.7910074937552,54.10430839002268,-14.56811345079501,47.54578754578756,13.849590469099033
48144.816977958,9.037410676754945,-50.70774354704413,54.10430839002268,-14.56811345079501,47.49694749694751,13.849590469099033
48144.851123125,9.037410676754945,-50.70774354704413,54.10430839002268,-14.396218306832836,47.399267399267416,13.849590469099033
48144.884470833,8.953341740226989,-50.70774354704413,54.10430839002268,-14.310270734851741,47.30158730158732,13.849590469099033
48144.9178185,8.953341740226989,-50.70774354704413,54.19501133786849,-14.052428018908472,47.25274725274727,13.849590469099033
48144.953195916,8.869272803699019,-50.70774354704413,54.19501133786849,-13.880532874946283,47.15506715506717,13.849590469099033
48144.988088833,8.53299705758721,-50.70774354704413,54.19501133786849,-13.880532874946283,47.106227106227124,13.849590469099033
48145.021435666,7.944514501891547,-50.62447960033305,54.19501133786849,-13.880532874946283,47.106227106227124,13.849590469099033
48145.056817833,7.44010088272384,-50.62447960033305,54.19501133786849,-13.794585302965189,47.106227106227124,13.849590469099033
48145.092192416,7.187894073139972,-50.62447960033305,54.19501133786849,-13.794585302965189,47.106227106227124,13.849590469099033
48145.12554175,7.103825136612031,-50.62447960033305,54.557823129251716,-13.794585302965189,47.106227106227124,13.849590469099033
48145.159903958,6.851618327028163,-50.62447960033305,55.102040816326536,-13.880532874946283,47.106227106227124,13.849590469099033
48145.19325175,6.263135771332486,-50.70774354704413,55.55555555555557,-14.138375590889567,47.106227106227124,13.849590469099033
48145.228636208,5.590584279108882,-51.1240632805995,56.09977324263039,-14.052428018908472,47.106227106227124,13.849590469099033
48145.2619825,5.086170659941146,-51.37385512073273,56.462585034013614,-13.794585302965189,47.057387057387075,13.849590469099033
48145.295328041,4.581757040773439,-51.54038301415487,56.734693877551024,-13.708637730984094,47.057387057387075,13.849590469099033
48145.329451666,4.077343421605704,-51.54038301415487,57.09750566893425,-13.708637730984094,47.057387057387075,13.849590469099033
48145.364821791,3.572929802437997,-51.54038301415487,57.36961451247166,-13.708637730984094,47.057387057387075,13.849590469099033
48145.399244708,3.0685161832702903,-51.54038301415487,57.46031746031747,-13.622690159003,47.057387057387075,13.849590469099033
48145.43264825,2.3959646910466574,-51.54038301415487,57.64172335600907,-13.622690159003,47.057387057387075,13.849590469099033
48145.467766083,1.8074821353509805,-51.54038301415487,57.73242630385488,-13.622690159003,47.057387057387075,13.849590469099033
48145.501113625,1.3030685161832736,-51.54038301415487,57.73242630385488,-13.278899871078636,47.057387057387075,13.849590469099033
48145.534458375,0.96679277007145,-51.54038301415487,57.73242630385488,-12.247529007305545,47.057387057387075,13.849590469099033
48145.567804125,0.6305170239596407,-51.62364696086594,57.18820861678006,-10.786420283626981,47.057387057387075,13.849590469099033
48145.603177,0.2101723413198755,-51.62364696086594,56.64399092970521,-9.067468844005163,47.057387057387075,13.849590469099033
48145.6367005,-0.2101723413198755,-51.62364696086594,56.00907029478458,-7.692307692307693,47.057387057387075,13.849590469099033
48145.670046458,-0.546448087431699,-51.62364696086594,55.19274376417235,-6.403094112591319,47.057387057387075,13.849590469099033
48145.704680541,-0.8827238335435084,-51.62364696086594,54.4671201814059,-4.856037816931675,47.057387057387075,13.849590469099033
48145.740112041,-1.0508617065994201,-51.62364696086594,53.83219954648527,-3.137086377309842,47.057387057387075,13.849590469099033
48145.775494416,-1.1349306431273618,-51.62364696086594,53.28798185941045,-1.7619252256123872,47.057387057387075,13.849590469099033
48145.810869708,-1.3871374527112152,-51.62364696086594,52.834467120181415,-0.558659217877107,47.057387057387075,13.849590469099033
48145.84623975,-1.8074821353509947,-51.62364696086594,52.38095238095238,0.38676407391491807,47.057387057387075,13.849590469099033
48145.881611791,-2.143757881462804,-51.62364696086594,52.10884353741497,1.16029222174474,47.057387057387075,13.849590469099033
48145.916982041,-2.3118957545187016,-51.62364696086594,52.01814058956916,1.7619252256123872,47.057387057387075,13.849590469099033
48145.952354583,-2.8163093736864226,-51.62364696086594,52.01814058956916,2.191663085517831,47.057387057387075,13.849590469099033
48145.987727,-3.236654056326188,-51.62364696086594,52.01814058956916,2.535453373442209,47.057387057387075,13.849590469099033
48146.023158875,-3.741067675493909,-51.62364696086594,52.01814058956916,2.8792436613665586,47.15506715506717,13.849590469099033
48146.056507791,-4.077343421605718,-51.62364696086594,52.290249433106595,3.2230339492909366,47.30158730158732,13.849590469099033
48146.091879083,-4.581757040773439,-51.62364696086594,52.38095238095238,3.308981521272017,47.30158730158732,13.849590469099033
48146.125229291,-5.002101723413205,-51.54038301415487,52.562358276644005,3.480876665234206,47.399267399267416,13.849590469099033
48146.160614,-5.422446406052956,-51.29059117402165,52.65306122448982,3.480876665234206,47.448107448107464,13.849590469099033
48146.196071541,-5.842791088692721,-50.95753538717735,52.7437641723356,3.480876665234206,47.49694749694751,13.849590469099033
48146.229425458,-6.17906683480453,-50.7910074937552,52.7437641723356,3.480876665234206,47.49694749694751,13.849590469099033
48146.264809458,-6.515342580916354,-50.70774354704413,52.7437641723356,3.480876665234206,47.54578754578756,13.849590469099033
48146.29924325,-6.767549390500207,-50.70774354704413,52.834467120181415,3.480876665234206,47.54578754578756,13.849590469099033
48146.33259325,-6.851618327028163,-50.70774354704413,52.834467120181415,3.480876665234206,47.54578754578756,13.849590469099033
48146.365943541,-7.019756200084075,-50.62447960033305,52.834467120181415,3.480876665234206,47.54578754578756,13.849590469099033
48146.401100291,-7.524169819251796,-50.62447960033305,52.834467120181415,3.480876665234206,47.54578754578756,13.849590469099033
48146.434450375,-7.944514501891547,-50.62447960033305,52.834467120181415,3.480876665234206,47.54578754578756,13.849590469099033
48146.467796666,-8.28079024800337,-50.62447960033305,52.834467120181415,3.480876665234206,47.54578754578756,13.849590469099033
48146.503169333,-8.532997057587224,-50.62447960033305,52.834467120181415,3.480876665234206,47.54578754578756,13.849590469099033
48146.537612166,-9.121479613282887,-50.62447960033305,52.834467120181415,3.480876665234206,47.54578754578756,13.849590469099033
48146.571621166,-9.45775535939471,-50.62447960033305,52.834467120181415,3.480876665234206,47.54578754578756,13.849590469099033
48146.60496975,-9.79403110550652,-50.62447960033305,52.834467120181415,3.480876665234206,47.54578754578756,13.849590469099033
48146.638319916,-10.130306851618329,-50.62447960033305,52.834467120181415,3.480876665234206,47.54578754578756,13.849590469099033
48146.671666166,-10.382513661202182,-50.62447960033305,52.834467120181415,3.480876665234206,47.54578754578756,13.849590469099033
48146.707035583,-10.382513661202182,-50.62447960033305,52.834467120181415,3.480876665234206,47.54578754578756,13.849590469099033
48146.74245875,-10.382513661202182,-50.62447960033305,52.834467120181415,3.480876665234206,47.54578754578756,13.849590469099033
48146.7775405,-10.382513661202182,-50.62447960033305,52.834467120181415,3.480876665234206,47.54578754578756,13.849590469099033
48146.812913083,-10.466582597730138,-50.62447960033305,52.834467120181415,3.480876665234206,47.54578754578756,13.849590469099033
48146.848285375,-10.886927280369903,-50.62447960033305,52.834467120181415,3.3949290932531255,47.54578754578756,13.849590469099033
48146.883664583,-11.559478772593522,-50.62447960033305,52.834467120181415,3.0511388053287476,47.54578754578756,13.849590469099033
48146.919037458,-11.979823455233301,-50.62447960033305,52.834467120181415,2.9651912333476673,47.54578754578756,13.849590469099033
48146.953943666,-12.147961328289199,-50.62447960033305,52.834467120181415,2.8792436613665586,47.54578754578756,13.849590469099033
48146.9872935,-12.147961328289199,-50.62447960033305,52.834467120181415,2.8792436613665586,47.54578754578756,13.849590469099033
48147.020642666,-12.316099201345097,-50.62447960033305,52.834467120181415,2.8792436613665586,47.54578754578756,13.849590469099033
48147.053992208,-12.904581757040773,-50.62447960033305,52.834467120181415,2.8792436613665586,47.54578754578756,13.849590469099033
48147.089367125,-13.577133249264392,-50.62447960033305,52.834467120181415,2.8792436613665586,47.54578754578756,13.849590469099033
48147.124739833,-13.913408995376216,-50.62447960033305,52.834467120181415,3.0511388053287476,47.448107448107464,13.849590469099033
48147.159295416,-14.249684741488025,-50.7910074937552,52.834467120181415,3.3949290932531255,47.448107448107464,13.849590469099033
48147.194364625,-14.585960487599834,-51.1240632805995,52.834467120181415,3.480876665234206,47.399267399267416,13.849590469099033
48147.227713458,-14.754098360655746,-51.54038301415487,52.92517006802723,3.5668242372153003,47.25274725274727,13.849590469099033
48147.263084833,-14.67002942412779,-51.62364696086594,53.106575963718825,3.5668242372153003,47.25274725274727,13.849590469099033
48147.298452958,-14.417822614543923,-51.70691090757702,53.378684807256235,3.5668242372153003,47.49694749694751,13.849590469099033
48147.331800875,-14.249684741488025,-51.7901748542881,53.28798185941045,3.5668242372153003,47.49694749694751,13.849590469099033
48147.367172125,-14.081546868432113,-52.12323064113239,53.19727891156464,3.5668242372153003,47.49694749694751,13.849590469099033
48147.400778541,-13.997477931904157,-52.706078268109906,53.46938775510205,3.5668242372153003,47.54578754578756,13.849590469099033
48147.43615175,-13.913408995376216,-53.20566194837635,53.56009070294786,3.6527718091963806,47.54578754578756,13.77513030528667
48147.469500625,-13.49306431273645,-53.7052456286428,53.56009070294786,3.6527718091963806,47.54578754578756,13.77513030528667
48147.504878875,-12.484237074401008,-54.20482930890924,53.83219954648527,3.6527718091963806,47.30158730158732,13.77513030528667
48147.53822725,-11.643547709121478,-54.70441298917569,54.37641723356009,3.5668242372153003,47.20390720390722,13.77513030528667
48147.573599333,-11.307271963009669,-55.53705245628643,54.64852607709753,3.5668242372153003,47.15506715506717,13.77513030528667
48147.606947791,-11.139134089953757,-56.36969192339717,54.73922902494331,3.5668242372153003,47.15506715506717,13.77513030528667
48147.64231775,-11.139134089953757,-57.36885928393006,55.01133786848072,3.6527718091963806,47.106227106227124,13.77513030528667
48147.677698291,-11.055065153425815,-58.36802664446295,55.73696145124717,3.6527718091963806,47.106227106227124,13.77513030528667
48147.71307,-11.055065153425815,-59.36719400499584,56.734693877551024,3.6527718091963806,47.106227106227124,13.77513030528667
48147.746419833,-11.055065153425815,-60.532889258950874,57.73242630385488,3.6527718091963806,47.106227106227124,13.77513030528667
48147.781800583,-11.055065153425815,-61.86511240632806,58.82086167800452,3.6527718091963806,47.106227106227124,13.77513030528667
48147.817183333,-11.139134089953757,-63.197335553705244,60.36281179138322,3.6527718091963806,47.106227106227124,13.77513030528667
48147.852557125,-11.223203026481713,-64.52955870108244,61.99546485260771,3.6527718091963806,47.106227106227124,13.77513030528667
48147.887997916,-11.307271963009669,-65.77851790174854,63.537414965986386,3.5668242372153003,47.106227106227124,13.77513030528667
48147.923425208,-11.47540983606558,-67.11074104912572,64.80725623582765,3.5668242372153003,47.15506715506717,13.77513030528667
48147.958797958,-11.559478772593522,-67.94338051623646,65.98639455782313,3.5668242372153003,47.20390720390722,13.77513030528667
48147.993224166,-11.643547709121478,-68.35970024979184,66.80272108843536,3.5668242372153003,47.25274725274727,13.77513030528667
48148.028604625,-11.727616645649434,-68.69275603663614,67.437641723356,3.5668242372153003,47.35042735042737,13.77513030528667
48148.063981666,-11.81168558217739,-68.69275603663614,67.70975056689343,3.5668242372153003,47.399267399267416,13.77513030528667
48148.097330083,-11.81168558217739,-68.60949208992506,67.80045351473922,3.5668242372153003,47.399267399267416,13.77513030528667
48148.13219425,-11.81168558217739,-68.35970024979184,68.16326530612244,3.5668242372153003,47.448107448107464,13.77513030528667
48148.16710525,-11.895754518705331,-68.02664446294754,68.52607709750566,3.5668242372153003,47.448107448107464,13.77513030528667
48148.201116625,-11.895754518705331,-67.69358867610325,68.70748299319729,3.5668242372153003,47.448107448107464,13.77513030528667
48148.23446425,-11.979823455233301,-67.36053288925895,68.70748299319729,3.5668242372153003,47.448107448107464,13.77513030528667
48148.267809708,-12.484237074401008,-66.94421315570358,68.70748299319729,3.5668242372153003,47.49694749694751,13.77513030528667
48148.302364541,-12.904581757040773,-66.52789342214821,68.70748299319729,3.5668242372153003,47.54578754578756,13.77513030528667
48148.335714666,-12.904581757040773,-66.02830974188177,68.70748299319729,3.5668242372153003,47.54578754578756,13.77513030528667
48148.369059833,-12.904581757040773,-65.61199000832639,68.70748299319729,3.6527718091963806,47.54578754578756,13.77513030528667
48148.403727833,-12.98865069356873,-65.02914238134888,68.70748299319729,3.6527718091963806,47.54578754578756,13.77513030528667
48148.437075375,-12.98865069356873,-64.52955870108244,68.70748299319729,3.6527718091963806,47.54578754578756,13.77513030528667
48148.470423791,-12.98865069356873,-64.02997502081598,68.70748299319729,3.6527718091963806,47.54578754578756,13.77513030528667
48148.504423916,-12.98865069356873,-63.61365528726062,68.70748299319729,3.6527718091963806,47.54578754578756,13.77513030528667
48148.538739291,-12.98865069356873,-63.197335553705244,68.70748299319729,3.6527718091963806,47.54578754578756,13.77513030528667
48148.574129708,-12.98865069356873,-62.781015820149875,68.70748299319729,3.6527718091963806,47.54578754578756,13.77513030528667
48148.607480208,-12.98865069356873,-62.44796003330558,68.70748299319729,3.7387193811774893,47.54578754578756,13.77513030528667
48148.642755291,-12.98865069356873,-62.114904246461286,68.61678004535148,4.426299957026217,47.54578754578756,13.77513030528667
48148.676140291,-12.98865069356873,-61.94837635303914,68.25396825396825,5.887408680704766,47.54578754578756,13.77513030528667
48148.711550916,-13.072719630096671,-61.78184845961698,67.80045351473922,7.692307692307693,47.54578754578756,13.77513030528667
48148.744900625,-13.072719630096671,-61.78184845961698,67.61904761904762,9.325311559948418,47.54578754578756,13.77513030528667
48148.780285541,-13.072719630096671,-62.19816819317236,67.61904761904762,10.700472711645887,47.54578754578756,13.77513030528667
48148.815656666,-13.072719630096671,-62.531223980016655,67.61904761904762,11.817791147400087,47.54578754578756,13.77513030528667
48148.851047583,-13.072719630096671,-62.614487926727726,67.61904761904762,12.591319295229923,47.54578754578756,13.77513030528667
48148.884431458,-13.072719630096671,-62.697751873438804,67.61904761904762,12.849162011173192,47.54578754578756,13.77513030528667
48148.9177795,-13.072719630096671,-62.697751873438804,67.61904761904762,12.935109583154272,47.54578754578756,13.77513030528667
48148.951127666,-13.072719630096671,-62.697751873438804,67.52834467120181,12.935109583154272,47.54578754578756,13.77513030528667
48148.984473333,-13.072719630096671,-62.697751873438804,67.34693877551021,13.021057155135367,47.54578754578756,13.77513030528667
48149.017819583,-13.072719630096671,-62.44796003330558,66.89342403628117,13.192952299097556,47.54578754578756,13.77513030528667
48149.051170416,-13.072719630096671,-62.114904246461286,66.43990929705214,13.278899871078636,47.54578754578756,13.77513030528667
48149.084517833,-13.072719630096671,-61.86511240632806,65.98639455782313,13.622690159003014,47.54578754578756,13.77513030528667
48149.1198885,-13.072719630096671,-61.78184845961698,65.5328798185941,14.138375590889552,47.54578754578756,13.77513030528667
48149.155308041,-13.072719630096671,-61.78184845961698,65.17006802721087,14.654061022776105,47.54578754578756,13.77513030528667
48149.190685041,-13.072719630096671,-61.78184845961698,64.80725623582765,14.396218306832836,47.399267399267416,13.77513030528667
48149.226063208,-13.072719630096671,-61.78184845961698,64.35374149659864,13.880532874946283,47.25274725274727,13.77513030528667
48149.261441208,-13.072719630096671,-61.78184845961698,63.6281179138322,13.536742587021905,47.25274725274727,13.77513030528667
48149.29478875,-13.072719630096671,-61.78184845961698,62.63038548752834,12.935109583154272,47.106227106227124,13.77513030528667
48149.330152708,-13.072719630096671,-61.69858451290591,61.63265306122449,12.419424151267734,47.106227106227124,13.77513030528667
48149.36551825,-12.98865069356873,-61.69858451290591,60.81632653061223,11.731843575418992,47.057387057387075,13.77513030528667
48149.400894541,-12.820512820512818,-61.61532056619484,60.27210884353741,10.958315427589156,47.057387057387075,13.77513030528667
48149.434242541,-12.736443883984876,-61.61532056619484,59.818594104308374,10.270734851740443,47.057387057387075,13.77513030528667
48149.467588208,-12.652374947456906,-61.61532056619484,59.818594104308374,9.497206703910607,47.008547008547026,13.77513030528667
48149.502953666,-12.652374947456906,-61.61532056619484,59.72789115646259,8.551783412118624,47.008547008547026,13.77513030528667
48149.537608416,-12.652374947456906,-61.44879267277269,59.90929705215419,7.692307692307693,47.008547008547026,13.77513030528667
48149.572976416,-12.652374947456906,-61.1157368859284,60.090702947845784,6.746884400515697,47.008547008547026,13.77513030528667
48149.606323541,-12.652374947456906,-60.4496253122398,60.090702947845784,5.887408680704766,47.008547008547026,13.77513030528667
48149.641692833,-12.568306010928964,-59.53372189841799,59.72789115646259,4.941985388912769,47.008547008547026,13.77513030528667
48149.675040208,-12.568306010928964,-58.45129059117402,59.63718820861678,4.1684572410829475,47.008547008547026,13.77513030528667
48149.708388458,-12.568306010928964,-57.452123230641135,59.63718820861678,3.1370863773098563,47.008547008547026,13.77513030528667
48149.7417325,-12.652374947456906,-56.36969192339717,59.63718820861678,1.933820369574562,47.008547008547026,13.77513030528667
48149.775076875,-12.652374947456906,-55.287260616153205,59.63718820861678,0.8165019338203621,47.008547008547026,13.77513030528667
48149.810485166,-12.736443883984876,-54.12156536219817,59.63718820861678,-0.38676407391491807,47.008547008547026,13.77513030528667
48149.845901541,-12.904581757040773,-52.95587010824313,59.63718820861678,-1.3321873657069148,47.106227106227124,13.77513030528667
48149.881262833,-12.98865069356873,-51.7901748542881,59.63718820861678,-2.1057155135367367,47.30158730158732,13.77513030528667
48149.916623333,-12.98865069356873,-50.62447960033305,59.546485260770964,-2.879243661366573,47.30158730158732,13.77513030528667
48149.951979958,-13.156788566624627,-49.708576186511245,59.546485260770964,-3.9965620971207585,47.15506715506717,13.77513030528667
48149.98733875,-13.577133249264392,-48.87593671940051,59.546485260770964,-5.113880532874944,47.15506715506717,13.77513030528667
48150.022708583,-14.333753678015967,-48.2098251457119,59.546485260770964,-6.059303824666955,47.30158730158732,13.77513030528667
48150.058079916,-14.754098360655746,-47.793505412156534,59.546485260770964,-6.489041684572413,47.35042735042737,13.77513030528667
48150.092418541,-14.922236233711644,-47.460449625312236,59.546485260770964,-6.660936828534588,47.35042735042737,13.77513030528667
48150.12778875,-15.090374106767541,-47.29392173189009,59.546485260770964,-6.5749892565534935,47.399267399267416,13.77513030528667
48150.163191083,-15.594787725935262,-47.29392173189009,59.63718820861678,-6.403094112591319,47.399267399267416,13.77513030528667
48150.196531791,-15.762925598991174,-47.29392173189009,59.63718820861678,-6.059303824666955,47.30158730158732,13.77513030528667
48150.231881708,-15.846994535519116,-47.460449625312236,59.90929705215419,-5.973356252685861,47.30158730158732,13.77513030528667
48150.266010875,-16.099201345102983,-47.793505412156534,60.1814058956916,-5.973356252685861,47.25274725274727,13.77513030528667
48150.301361791,-16.435477091214807,-47.87676935886761,60.36281179138322,-5.88740868070478,47.25274725274727,13.77513030528667
48150.334700666,-16.60361496427069,-47.96003330557868,60.36281179138322,-5.88740868070478,47.30158730158732,13.77513030528667
48150.3700525,-16.60361496427069,-47.96003330557868,60.45351473922901,-5.88740868070478,47.30158730158732,13.77513030528667
48150.405411666,-16.68768390079866,-48.126561199000825,60.45351473922901,-5.88740868070478,47.25274725274727,13.77513030528667
48150.439958083,-16.68768390079866,-48.2098251457119,60.36281179138322,-5.88740868070478,47.25274725274727,13.77513030528667
48150.473300041,-16.68768390079866,-48.2098251457119,60.27210884353741,-5.88740868070478,47.15506715506717,13.77513030528667
48150.508653375,-16.68768390079866,-48.2098251457119,60.1814058956916,-5.88740868070478,47.20390720390722,13.77513030528667
48150.544062875,-16.68768390079866,-48.2098251457119,60.1814058956916,-5.88740868070478,47.25274725274727,13.77513030528667
48150.579419833,-16.68768390079866,-48.2098251457119,60.1814058956916,-5.973356252685861,47.30158730158732,13.77513030528667
48150.614825083,-16.68768390079866,-48.29308909242298,60.1814058956916,-5.973356252685861,47.25274725274727,13.77513030528667
48150.648165666,-16.68768390079866,-48.29308909242298,60.090702947845784,-5.973356252685861,47.15506715506717,13.77513030528667
48150.683551125,-16.771752837326602,-48.29308909242298,60.1814058956916,-6.231198968629144,47.057387057387075,13.77513030528667
48150.71890825,-16.855821773854558,-48.29308909242298,60.36281179138322,-6.489041684572413,47.057387057387075,13.77513030528667
48150.754279416,-17.36023539302228,-48.29308909242298,60.36281179138322,-6.5749892565534935,47.057387057387075,13.77513030528667
48150.789682208,-17.780580075662044,-48.29308909242298,60.27210884353741,-6.5749892565534935,47.057387057387075,13.77513030528667
48150.8230285,-17.864649012189986,-48.29308909242298,60.27210884353741,-6.5749892565534935,47.057387057387075,13.77513030528667
48150.858447958,-17.948717948717956,-48.29308909242298,60.45351473922901,-6.5749892565534935,47.008547008547026,13.77513030528667
48150.893804375,-18.53720050441362,-48.29308909242298,60.45351473922901,-6.5749892565534935,47.008547008547026,13.77513030528667
48150.92916025,-19.461958806221105,-48.29308909242298,60.45351473922901,-6.5749892565534935,47.008547008547026,13.77513030528667
48150.964548333,-20.050441361916768,-48.29308909242298,60.45351473922901,-6.5749892565534935,47.008547008547026,13.77513030528667
48150.999906291,-20.55485498108449,-48.29308909242298,60.45351473922901,-6.5749892565534935,47.008547008547026,13.77513030528667
48151.033249041,-21.311475409836063,-48.29308909242298,60.45351473922901,-6.5749892565534935,47.008547008547026,13.77513030528667
48151.068618416,-22.152164775115594,-48.29308909242298,60.45351473922901,-6.5749892565534935,47.008547008547026,13.77513030528667
48151.103997208,-22.656578394283315,-48.29308909242298,60.45351473922901,-6.5749892565534935,47.008547008547026,13.77513030528667
48151.139356625,-23.076923076923066,-48.29308909242298,60.45351473922901,-6.660936828534588,47.008547008547026,13.77513030528667
48151.172697375,-23.665405632618757,-48.29308909242298,60.36281179138322,-6.660936828534588,47.008547008547026,13.77513030528667
48151.208055916,-24.25388818831442,-48.29308909242298,60.36281179138322,-6.660936828534588,47.008547008547026,13.77513030528667
48151.243427416,-24.674232870954185,-48.29308909242298,60.27210884353741,-6.660936828534588,47.008547008547026,13.77513030528667
48151.278849625,-25.09457755359395,-48.29308909242298,60.090702947845784,-6.660936828534588,47.008547008547026,13.77513030528667
48151.312189666,-25.683060109289613,-48.29308909242298,60.0,-6.660936828534588,46.95970695970698,13.77513030528667
48151.347586166,-26.27154266498529,-48.29308909242298,59.72789115646259,-6.660936828534588,46.95970695970698,13.77513030528667
48151.382943791,-26.691887347625055,-48.29308909242298,59.63718820861678,-6.660936828534588,46.95970695970698,13.77513030528667
48151.416284208,-27.11223203026482,-48.29308909242298,59.63718820861678,-6.660936828534588,46.95970695970698,13.77513030528667
48151.45164475,-27.61664564943254,-48.45961698584513,59.63718820861678,-6.7468844005156825,46.95970695970698,13.77513030528667
48151.484983708,-28.121059268600263,-48.87593671940051,59.63718820861678,-6.7468844005156825,46.95970695970698,13.77513030528667
48151.518321833,-28.541403951240014,-49.45878434637802,59.63718820861678,-6.7468844005156825,46.95970695970698,13.77513030528667
48151.553686,-28.793610760823867,-50.29142381348876,60.1814058956916,-6.7468844005156825,46.95970695970698,13.77513030528667
48151.589088166,-28.793610760823867,-51.1240632805995,60.54421768707482,-6.7468844005156825,46.95970695970698,13.77513030528667
48151.622436375,-28.793610760823867,-51.956702747710246,60.81632653061223,-6.489041684572413,46.95970695970698,13.849590469099033
48151.657797041,-28.793610760823867,-52.706078268109906,61.36054421768708,-6.5749892565534935,46.95970695970698,14.072970960536113
48151.693153708,-28.793610760823867,-53.53871773522065,61.814058956916085,-6.5749892565534935,46.95970695970698,14.221891288160835
48151.728571708,-28.62547288776797,-54.45462114904247,61.99546485260771,-6.5749892565534935,46.95970695970698,14.221891288160835
48151.762604916,-28.457335014712058,-55.287260616153205,62.26757369614512,-6.489041684572413,46.95970695970698,14.296351451973194
48151.795944916,-28.205128205128204,-55.9533721898418,62.53968253968253,-6.489041684572413,46.95970695970698,14.296351451973194
48151.829284791,-28.121059268600263,-56.53621981681932,62.90249433106575,-6.5749892565534935,46.95970695970698,14.296351451973194
48151.864655541,-28.036990332072293,-57.11906744379684,63.17460317460316,-6.5749892565534935,46.95970695970698,14.296351451973194
48151.899209083,-27.95292139554435,-57.452123230641135,63.17460317460316,-6.5749892565534935,46.95970695970698,14.221891288160835
48151.932550541,-27.95292139554435,-57.61865112406328,63.17460317460316,-6.5749892565534935,47.008547008547026,13.849590469099033
48151.967909458,-27.868852459016395,-57.701915070774355,63.17460317460316,-6.5749892565534935,47.008547008547026,13.70067014147431
48152.003349875,-27.364438839848674,-57.785179017485426,63.17460317460316,-6.489041684572413,47.008547008547026,13.70067014147431
48152.038717166,-26.860025220680967,-57.701915070774355,63.17460317460316,-6.489041684572413,47.008547008547026,13.62620997766195
48152.072058333,-26.523749474569144,-57.535387177352206,63.17460317460316,-6.489041684572413,47.008547008547026,13.62620997766195
48152.107426375,-26.355611601513246,-57.535387177352206,63.17460317460316,-6.5749892565534935,47.008547008547026,13.55174981384959
48152.142787208,-25.851197982345525,-57.452123230641135,63.08390022675735,-6.5749892565534935,47.008547008547026,12.881608339538348
48152.178142625,-25.514922236233716,-57.36885928393006,63.08390022675735,-6.5749892565534935,47.008547008547026,11.317944899478778
48152.213554333,-25.178646490121906,-57.285595337218986,63.08390022675735,-6.5749892565534935,47.008547008547026,9.158600148920328
48152.24689475,-24.92643968053804,-57.20233139050791,63.08390022675735,-6.403094112591319,47.008547008547026,7.148175725986597
48152.282250708,-24.842370744010083,-57.20233139050791,62.993197278911566,-6.059303824666955,47.008547008547026,5.807892777364111
48152.316167291,-24.25388818831442,-57.20233139050791,62.993197278911566,-6.059303824666955,47.008547008547026,5.137751303052867
48152.351536375,-23.7494745691467,-57.035803497085766,63.08390022675735,-5.973356252685861,47.008547008547026,4.914370811615785
48152.386927,-23.41319882303489,-57.035803497085766,63.08390022675735,-5.801461108723686,47.008547008547026,4.690990320178704
48152.422298291,-22.992854140395124,-57.035803497085766,63.17460317460316,-5.715513536742591,47.008547008547026,4.616530156366344
48152.4576585,-22.40437158469946,-56.86927560366362,63.17460317460316,-5.715513536742591,47.008547008547026,4.542069992553984
48152.492707666,-21.984026902059682,-56.78601165695254,63.17460317460316,-5.715513536742591,46.95970695970698,4.542069992553984
48152.528131458,-21.815889029003785,-56.78601165695254,63.265306122448976,-5.715513536742591,46.95970695970698,4.393149664929263
48152.56147175,-21.815889029003785,-56.78601165695254,63.44671201814057,-5.715513536742591,46.95970695970698,3.4996276991809383
48152.59682425,-21.73182009247583,-56.78601165695254,63.90022675736961,-5.715513536742591,46.95970695970698,2.1593447505584513
48152.631929458,-21.73182009247583,-56.95253955037469,64.26303854875283,-5.715513536742591,46.95970695970698,1.7870439314966493
48152.667288541,-21.73182009247583,-56.95253955037469,64.35374149659864,-5.715513536742591,46.95970695970698,2.084884586746091
48152.702641541,-21.73182009247583,-56.86927560366362,64.44444444444443,-5.715513536742591,46.95970695970698,2.1593447505584513
48152.738017791,-21.73182009247583,-56.86927560366362,64.44444444444443,-5.715513536742591,46.95970695970698,2.1593447505584513
48152.773400458,-21.73182009247583,-56.86927560366362,64.44444444444443,-5.715513536742591,46.95970695970698,2.5316455696202533
48152.808562291,-21.73182009247583,-56.86927560366362,64.44444444444443,-5.715513536742591,46.95970695970698,2.6061057334326136
48152.843953083,-21.815889029003785,-56.86927560366362,64.44444444444443,-5.715513536742591,46.95970695970698,3.4251675353685775
48152.879370791,-21.815889029003785,-56.78601165695254,64.44444444444443,-5.715513536742591,46.95970695970698,5.956813104988831
48152.914742083,-21.815889029003785,-56.78601165695254,64.53514739229024,-5.715513536742591,46.95970695970698,9.75428145941921
48152.950113208,-21.815889029003785,-56.78601165695254,64.62585034013605,-5.715513536742591,46.95970695970698,13.47728965003723
48152.984424,-21.815889029003785,-56.78601165695254,64.89795918367346,-5.715513536742591,46.95970695970698,16.381236038719287
48153.017772958,-21.73182009247583,-56.78601165695254,65.44217687074828,-5.88740868070478,46.95970695970698,18.168279970215934
48153.051121416,-21.73182009247583,-56.78601165695254,66.07709750566892,-6.1452513966480495,46.95970695970698,19.21072226358898
48153.086494708,-21.73182009247583,-56.78601165695254,66.53061224489795,-6.489041684572413,47.008547008547026,19.13626209977662
48153.121395583,-21.647751155947887,-56.78601165695254,66.80272108843536,-6.317146540610224,47.20390720390722,19.13626209977662
48153.156766833,-21.39554434636402,-56.78601165695254,66.98412698412699,-5.88740868070478,47.448107448107464,19.13626209977662
48153.191611125,-20.470786044556533,-56.78601165695254,67.07482993197277,-5.715513536742591,47.448107448107464,19.13626209977662
48153.226990291,-19.630096679277003,-56.78601165695254,67.16553287981858,-5.715513536742591,47.448107448107464,19.13626209977662
48153.26236425,-18.957545187053384,-56.78601165695254,67.34693877551021,-5.715513536742591,47.448107448107464,19.13626209977662
48153.295711708,-18.369062631357707,-56.78601165695254,67.70975056689343,-5.715513536742591,47.49694749694751,19.061801935964258
48153.331080583,-17.69651113913409,-56.86927560366362,68.07256235827663,-5.715513536742591,47.49694749694751,18.9873417721519
48153.366448416,-17.10802858343841,-56.86927560366362,68.43537414965985,-5.715513536742591,47.49694749694751,18.168279970215934
48153.4010825,-16.68768390079866,-56.86927560366362,68.70748299319729,-5.715513536742591,47.49694749694751,16.530156366344006
48153.434440708,-16.51954602774275,-56.86927560366362,68.70748299319729,-5.715513536742591,47.49694749694751,14.370811615785556
48153.469816125,-16.015132408575028,-56.86927560366362,68.70748299319729,-5.715513536742591,47.49694749694751,11.988086373790022
48153.503354291,-15.594787725935262,-56.86927560366362,68.70748299319729,-5.715513536742591,47.49694749694751,10.498883097542814
48153.536700791,-15.258511979823453,-56.86927560366362,68.70748299319729,-5.715513536742591,47.49694749694751,9.67982129560685
48153.570807916,-14.922236233711644,-56.86927560366362,68.52607709750566,-5.715513536742591,47.49694749694751,9.60536113179449
48153.604361,-14.249684741488025,-56.86927560366362,68.25396825396825,-5.715513536742591,47.54578754578756,9.60536113179449
48153.639775166,-13.408995376208495,-56.86927560366362,67.98185941043084,-5.715513536742591,47.54578754578756,9.60536113179449
48153.674448375,-12.484237074401008,-56.86927560366362,67.98185941043084,-6.403094112591319,47.59462759462761,9.60536113179449
48153.707795083,-11.81168558217739,-56.86927560366362,67.98185941043084,-6.5749892565534935,47.789987789987805,9.60536113179449
48153.743173416,-11.307271963009669,-56.95253955037469,67.80045351473922,-6.5749892565534935,48.42490842490844,9.60536113179449
48153.776522458,-11.223203026481713,-56.95253955037469,67.70975056689343,-6.5749892565534935,49.10866910866912,9.60536113179449
48153.809868458,-11.055065153425815,-57.20233139050791,67.70975056689343,-6.5749892565534935,49.49938949938951,9.60536113179449
48153.845242791,-10.634720470786036,-57.452123230641135,67.70975056689343,-6.403094112591319,49.597069597069606,9.60536113179449
48153.87914325,-10.130306851618329,-57.701915070774355,67.70975056689343,-5.973356252685861,49.597069597069606,9.60536113179449
48153.91451125,-9.373686422866754,-57.785179017485426,67.70975056689343,-5.801461108723686,49.597069597069606,9.60536113179449
48153.949889458,-8.701134930643121,-57.785179017485426,67.70975056689343,-5.801461108723686,49.597069597069606,9.60536113179449
48153.984410208,-8.28079024800337,-57.785179017485426,67.70975056689343,-5.801461108723686,49.597069597069606,9.60536113179449
48154.019791,-8.028583438419503,-57.785179017485426,67.70975056689343,-5.715513536742591,49.645909645909654,9.60536113179449
48154.054732208,-7.944514501891547,-57.785179017485426,67.80045351473922,-5.715513536742591,49.74358974358975,9.60536113179449
48154.0901225,-7.860445565363591,-57.61865112406328,67.80045351473922,-5.715513536742591,50.378510378510384,9.60536113179449
48154.124199708,-7.6082387557797375,-57.535387177352206,68.07256235827663,-5.629565964761497,51.25763125763126,9.60536113179449
48154.159587958,-6.935687263556105,-57.452123230641135,68.34467120181407,-5.543618392780402,51.5995115995116,9.60536113179449
48154.194478458,-6.347204707860442,-57.285595337218986,68.43537414965985,-5.543618392780402,51.74603174603175,9.60536113179449
48154.229853208,-6.010928961748633,-57.20233139050791,68.43537414965985,-5.543618392780402,51.89255189255189,9.60536113179449
48154.263202833,-5.590584279108867,-57.035803497085766,68.43537414965985,-5.543618392780402,51.89255189255189,9.60536113179449
48154.296842333,-5.086170659941146,-57.035803497085766,68.52607709750566,-5.543618392780402,51.94139194139194,9.60536113179449
48154.33019125,-4.749894913829351,-57.035803497085766,68.52607709750566,-5.543618392780402,51.94139194139194,9.60536113179449
48154.365556375,-4.581757040773439,-57.035803497085766,68.52607709750566,-5.629565964761497,52.185592185592185,9.60536113179449
48154.400927416,-4.581757040773439,-57.36885928393006,68.52607709750566,-5.629565964761497,52.869352869352866,9.530900967982129
48154.434276291,-4.581757040773439,-57.535387177352206,68.61678004535148,-5.113880532874944,53.601953601953625,9.158600148920328
48154.469647208,-4.4976881042454835,-57.701915070774355,68.43537414965985,-3.8246669531585695,54.13919413919416,9.084139985107967
48154.5050265,-3.9932744850777624,-57.785179017485426,68.07256235827663,-2.4495058014611004,54.4810744810745,9.084139985107967
48154.538375416,-3.4888608659100555,-57.785179017485426,67.70975056689343,-1.4181349376880092,54.62759462759465,9.084139985107967
48154.57172125,-3.152585119798232,-57.868442964196504,67.61904761904762,-1.3321873657069148,54.676434676434695,9.084139985107967
48154.60506875,-3.152585119798232,-57.868442964196504,67.61904761904762,-1.3321873657069148,54.725274725274744,9.084139985107967
48154.640492375,-3.0685161832702903,-57.868442964196504,67.61904761904762,-1.3321873657069148,54.92063492063494,9.084139985107967
48154.675549708,-2.9003783102143785,-57.868442964196504,67.61904761904762,-1.3321873657069148,55.65323565323567,9.084139985107967
48154.709448666,-2.9003783102143785,-57.868442964196504,67.61904761904762,-1.3321873657069148,56.3858363858364,9.084139985107967
48154.744826416,-2.9003783102143785,-57.868442964196504,67.61904761904762,-1.3321873657069148,56.72771672771674,9.084139985107967
48154.778530125,-3.152585119798232,-57.868442964196504,67.61904761904762,-1.3321873657069148,56.874236874236885,9.084139985107967
48154.812734958,-3.4888608659100555,-57.868442964196504,67.52834467120181,-1.3321873657069148,56.874236874236885,9.084139985107967
48154.846522375,-3.656998738965953,-57.868442964196504,66.98412698412699,-1.3321873657069148,56.874236874236885,9.084139985107967
48154.879873625,-3.741067675493909,-57.868442964196504,66.80272108843536,-1.3321873657069148,56.874236874236885,9.084139985107967
48154.914656083,-3.741067675493909,-57.868442964196504,66.71201814058958,-1.3321873657069148,56.874236874236885,9.084139985107967
48154.95003225,-3.9092055485498065,-57.868442964196504,66.71201814058958,-1.4181349376880092,56.874236874236885,9.084139985107967
48154.985402125,-4.4976881042454835,-57.951706910907575,66.62131519274377,-1.4181349376880092,56.874236874236885,9.084139985107967
48155.018751791,-5.254308532997058,-57.951706910907575,66.34920634920636,-1.4181349376880092,56.923076923076934,9.084139985107967
48155.054127458,-5.674653215636823,-58.118234804329724,65.8049886621315,-1.4181349376880092,56.77655677655679,9.084139985107967
48155.089550791,-5.842791088692721,-58.5345545378851,65.44217687074828,-1.4181349376880092,56.58119658119659,9.084139985107967
48155.123526666,-5.926860025220677,-58.95087427144047,65.44217687074828,-1.4181349376880092,56.483516483516496,9.084139985107967
48155.156878083,-6.010928961748633,-59.45045795170691,65.89569160997732,-1.4181349376880092,56.3858363858364,9.084139985107967
48155.192251541,-6.767549390500207,-60.116569525395505,66.25850340136054,-1.4181349376880092,56.2881562881563,9.009679821295608
48155.22763475,-7.356031946195884,-60.86594504579517,66.34920634920636,-0.8165019338203621,55.750915750915766,9.009679821295608
48155.263011291,-7.524169819251796,-61.53205661948377,66.53061224489795,-0.47271164589601256,54.92063492063494,9.009679821295608
48155.296653041,-7.6082387557797375,-62.19816819317236,66.98412698412699,-0.47271164589601256,54.18803418803421,9.009679821295608
48155.329999333,-7.524169819251796,-62.864279766860946,67.89115646258503,-0.558659217877107,53.74847374847377,9.009679821295608
48155.365369916,-7.692307692307693,-63.53039134054954,68.79818594104307,-0.8165019338203621,53.65079365079367,9.009679821295608
48155.399157791,-7.776376628835649,-64.36303080766028,69.4331065759637,-0.8165019338203621,53.65079365079367,9.009679821295608
48155.434408125,-7.860445565363591,-65.19567027477103,69.97732426303855,-0.558659217877107,53.50427350427353,9.009679821295608
48155.469782583,-8.028583438419503,-66.19483763530391,70.34013605442178,-0.558659217877107,52.967032967032964,9.009679821295608
48155.504479125,-8.028583438419503,-67.1940049958368,70.61224489795919,-0.558659217877107,52.185592185592185,9.009679821295608
48155.539897208,-8.028583438419503,-68.10990840965862,71.156462585034,-0.47271164589601256,51.404151404151406,9.009679821295608
48155.575266791,-8.028583438419503,-69.02581182348044,71.88208616780045,-0.47271164589601256,50.91575091575092,9.009679821295608
48155.610641958,-8.028583438419503,-69.94171523730225,72.7891156462585,-0.47271164589601256,50.86691086691087,9.009679821295608
48155.64601925,-8.028583438419503,-70.77435470441299,73.87755102040816,-0.47271164589601256,50.86691086691087,9.009679821295608
48155.68138925,-8.028583438419503,-71.52373022481265,74.87528344671202,-0.47271164589601256,50.769230769230774,9.009679821295608
48155.716757541,-8.196721311475414,-72.27310574521232,75.96371882086169,-0.47271164589601256,50.769230769230774,9.009679821295608
48155.75213075,-8.617065994115165,-72.93921731890092,76.96145124716554,-0.47271164589601256,50.720390720390725,9.009679821295608
48155.787503041,-9.037410676754945,-73.68859283930058,77.9591836734694,-0.47271164589601256,50.720390720390725,9.009679821295608
48155.822889916,-9.205548549810842,-74.27144046627811,78.86621315192744,-0.47271164589601256,50.720390720390725,9.009679821295608
48155.858265541,-9.289617486338798,-74.77102414654455,79.6825396825397,-0.47271164589601256,50.720390720390725,9.009679821295608
48155.893641708,-9.373686422866754,-75.27060782681099,80.31746031746033,-0.47271164589601256,50.720390720390725,9.009679821295608
48155.929020875,-9.709962168978564,-75.68692756036637,80.68027210884355,-0.47271164589601256,50.720390720390725,9.009679821295608
48155.964392791,-9.878100042034461,-75.85345545378851,80.77097505668934,-0.47271164589601256,50.720390720390725,9.009679821295608
48155.999767875,-10.046237915090373,-75.93671940049958,80.77097505668934,-0.47271164589601256,50.720390720390725,9.009679821295608
48156.034405458,-10.046237915090373,-75.85345545378851,80.77097505668934,-0.47271164589601256,50.720390720390725,9.009679821295608
48156.067752791,-10.046237915090373,-75.85345545378851,80.77097505668934,-0.47271164589601256,50.720390720390725,9.009679821295608
48156.10312325,-10.046237915090373,-75.85345545378851,80.68027210884355,-0.47271164589601256,50.720390720390725,9.009679821295608
48156.136471083,-10.046237915090373,-75.60366361365529,80.40816326530614,-0.47271164589601256,50.720390720390725,9.009679821295608
48156.170850458,-10.046237915090373,-75.35387177352206,80.04535147392292,-0.47271164589601256,50.720390720390725,9.009679821295608
48156.204212125,-10.046237915090373,-75.27060782681099,79.95464852607711,-0.47271164589601256,50.720390720390725,9.009679821295608
48156.237559083,-10.046237915090373,-75.35387177352206,79.95464852607711,-0.47271164589601256,50.720390720390725,9.009679821295608
48156.272977291,-10.046237915090373,-75.52039966694421,79.95464852607711,-0.47271164589601256,50.720390720390725,9.009679821295608
48156.308393708,-10.046237915090373,-75.68692756036637,79.95464852607711,-0.47271164589601256,50.720390720390725,9.009679821295608
48156.343760666,-10.046237915090373,-75.77019150707744,79.8639455782313,-0.558659217877107,50.720390720390725,9.009679821295608
48156.377107291,-10.046237915090373,-75.85345545378851,79.8639455782313,-0.8165019338203621,50.720390720390725,9.009679821295608
48156.410572416,-10.046237915090373,-75.85345545378851,79.8639455782313,-1.16029222174474,50.720390720390725,9.009679821295608
48156.443921041,-10.046237915090373,-75.85345545378851,79.8639455782313,-1.2462397937258203,50.720390720390725,9.009679821295608
48156.479121208,-10.046237915090373,-75.85345545378851,79.77324263038548,-1.3321873657069148,50.720390720390725,8.935219657483247
48156.514488041,-10.046237915090373,-75.77019150707744,79.22902494331066,-1.3321873657069148,50.720390720390725,8.935219657483247
48156.549909583,-10.046237915090373,-75.18734388009992,78.2312925170068,-1.16029222174474,50.720390720390725,8.935219657483247
48156.584398125,-10.046237915090373,-75.02081598667777,76.96145124716554,-0.6446067898581873,50.720390720390725,8.935219657483247
48156.619182125,-10.046237915090373,-75.02081598667777,76.32653061224491,-0.558659217877107,50.671550671550676,8.935219657483247
48156.652559041,-10.046237915090373,-75.02081598667777,76.14512471655328,-0.558659217877107,50.671550671550676,8.935219657483247
48156.68590575,-10.046237915090373,-75.02081598667777,76.14512471655328,-0.47271164589601256,50.671550671550676,8.935219657483247
48156.719247541,-10.046237915090373,-75.02081598667777,76.14512471655328,-0.47271164589601256,50.671550671550676,8.935219657483247
48156.754604541,-10.046237915090373,-75.02081598667777,76.14512471655328,-0.47271164589601256,50.671550671550676,8.935219657483247
48156.789961291,-10.046237915090373,-75.02081598667777,76.14512471655328,-0.47271164589601256,50.671550671550676,8.935219657483247
48156.825318416,-10.046237915090373,-75.02081598667777,76.14512471655328,-0.47271164589601256,50.671550671550676,8.935219657483247
48156.860678458,-10.046237915090373,-75.02081598667777,76.2358276643991,-0.47271164589601256,50.671550671550676,8.935219657483247
48156.894030791,-10.046237915090373,-75.02081598667777,76.32653061224491,-0.47271164589601256,50.671550671550676,8.935219657483247
48156.927369708,-10.046237915090373,-75.02081598667777,76.41723356009072,-0.47271164589601256,50.62271062271063,8.935219657483247
48156.960708833,-10.046237915090373,-75.02081598667777,76.41723356009072,-0.47271164589601256,50.62271062271063,8.935219657483247
48156.996069291,-10.046237915090373,-75.02081598667777,76.78004535147392,-0.47271164589601256,50.62271062271063,8.935219657483247
48157.031440833,-10.046237915090373,-75.02081598667777,77.14285714285714,-0.47271164589601256,50.62271062271063,8.935219657483247
48157.06681,-10.046237915090373,-75.02081598667777,77.32426303854876,-0.47271164589601256,50.62271062271063,8.935219657483247
48157.101063083,-10.046237915090373,-75.02081598667777,77.41496598639458,-0.47271164589601256,50.62271062271063,8.935219657483247
48157.134408041,-10.046237915090373,-75.02081598667777,77.50566893424036,-0.47271164589601256,50.62271062271063,8.935219657483247
48157.169771083,-10.046237915090373,-75.02081598667777,77.68707482993199,-0.47271164589601256,50.62271062271063,8.935219657483247
48157.205132041,-10.046237915090373,-75.02081598667777,77.68707482993199,-0.47271164589601256,50.62271062271063,8.935219657483247
48157.240492666,-10.046237915090373,-75.02081598667777,77.68707482993199,-0.47271164589601256,50.62271062271063,8.935219657483247
48157.275912125,-10.046237915090373,-75.02081598667777,77.68707482993199,-0.47271164589601256,50.62271062271063,8.935219657483247
48157.309395166,-10.046237915090373,-75.02081598667777,77.68707482993199,-0.47271164589601256,50.62271062271063,8.935219657483247
48157.344757958,-10.046237915090373,-75.02081598667777,77.68707482993199,-0.47271164589601256,50.62271062271063,8.935219657483247
48157.380119166,-10.046237915090373,-75.02081598667777,77.68707482993199,-0.47271164589601256,50.62271062271063,8.935219657483247
48157.415492375,-10.046237915090373,-75.02081598667777,77.68707482993199,-0.47271164589601256,50.62271062271063,8.935219657483247
48157.4488385,-10.046237915090373,-75.02081598667777,77.68707482993199,-0.47271164589601256,50.62271062271063,8.935219657483247
48157.484210833,-9.962168978562431,-75.02081598667777,77.68707482993199,-0.47271164589601256,50.62271062271063,8.935219657483247
48157.517554083,-9.962168978562431,-75.02081598667777,77.68707482993199,-0.47271164589601256,50.62271062271063,8.935219657483247
48157.552915708,-9.962168978562431,-75.02081598667777,77.68707482993199,-0.47271164589601256,50.62271062271063,8.935219657483247
48157.588335041,-9.962168978562431,-75.02081598667777,77.68707482993199,-0.47271164589601256,50.62271062271063,8.935219657483247
48157.621681333,-9.962168978562431,-75.02081598667777,77.68707482993199,-0.47271164589601256,50.62271062271063,8.935219657483247
48157.657060708,-9.962168978562431,-75.02081598667777,77.68707482993199,-0.47271164589601256,50.62271062271063,8.935219657483247
48157.692479458,-9.962168978562431,-75.02081598667777,77.68707482993199,-0.47271164589601256,50.62271062271063,8.935219657483247
48157.72786375,-10.046237915090373,-75.02081598667777,77.77777777777777,-0.47271164589601256,50.62271062271063,8.935219657483247
48157.763241166,-10.046237915090373,-75.02081598667777,77.77777777777777,-0.47271164589601256,50.62271062271063,8.935219657483247
48157.798613208,-10.046237915090373,-75.02081598667777,77.9591836734694,-0.47271164589601256,50.62271062271063,8.935219657483247
48157.833991916,-10.046237915090373,-75.02081598667777,78.50340136054422,-0.47271164589601256,50.62271062271063,8.935219657483247
48157.867732208,-10.046237915090373,-75.02081598667777,78.95691609977325,-0.47271164589601256,50.62271062271063,8.935219657483247
48157.901079708,-10.046237915090373,-75.02081598667777,79.22902494331066,-0.47271164589601256,50.62271062271063,8.935219657483247
48157.936491541,-10.046237915090373,-75.02081598667777,79.31972789115648,-0.47271164589601256,50.62271062271063,8.935219657483247
48157.969838708,-10.046237915090373,-75.02081598667777,79.31972789115648,-0.558659217877107,50.62271062271063,8.935219657483247
48158.003188666,-10.046237915090373,-75.02081598667777,79.31972789115648,-0.558659217877107,50.62271062271063,8.935219657483247
48158.036535916,-10.046237915090373,-75.02081598667777,79.31972789115648,-0.558659217877107,50.62271062271063,8.935219657483247
48158.069884583,-10.046237915090373,-75.02081598667777,79.31972789115648,-0.558659217877107,50.62271062271063,8.935219657483247
48158.103231,-10.046237915090373,-75.02081598667777,79.41043083900229,-0.558659217877107,50.62271062271063,8.935219657483247
48158.136571583,-10.046237915090373,-75.02081598667777,79.50113378684807,-0.558659217877107,50.62271062271063,8.935219657483247
48158.169914541,-10.046237915090373,-75.02081598667777,79.50113378684807,-0.558659217877107,50.62271062271063,8.935219657483247
48158.205281166,-10.046237915090373,-75.02081598667777,79.31972789115648,-0.558659217877107,50.62271062271063,8.935219657483247
48158.240690791,-10.130306851618329,-75.02081598667777,79.22902494331066,-0.558659217877107,50.62271062271063,8.935219657483247
48158.276070041,-10.214375788146285,-75.02081598667777,79.04761904761907,-0.558659217877107,50.62271062271063,8.935219657483247
48158.311461125,-10.550651534258094,-75.02081598667777,78.77551020408163,-0.558659217877107,50.62271062271063,8.935219657483247
48158.34683275,-10.718789407314006,-75.02081598667777,78.77551020408163,-0.6446067898581873,50.62271062271063,8.935219657483247
48158.382203416,-10.802858343841947,-75.02081598667777,78.77551020408163,-0.6446067898581873,50.62271062271063,8.935219657483247
48158.415907375,-10.802858343841947,-75.02081598667777,78.77551020408163,-0.6446067898581873,50.62271062271063,8.935219657483247
48158.451286708,-10.802858343841947,-75.02081598667777,78.77551020408163,-0.6446067898581873,50.62271062271063,8.935219657483247
48158.486666541,-10.886927280369903,-75.02081598667777,78.86621315192744,-0.6446067898581873,50.62271062271063,8.935219657483247
48158.522076875,-10.886927280369903,-75.02081598667777,79.22902494331066,-0.6446067898581873,50.62271062271063,8.935219657483247
48158.55543175,-10.97099621689786,-75.02081598667777,79.41043083900229,-0.6446067898581873,50.62271062271063,8.935219657483247
